{
  "strategy": "A+B+C + HAN-style type-level attention",
  "method": "leave-drug-out (inductive)",
  "n_folds": 5,
  "n_drugs": 132,
  "fold_aucs": [
    0.9406243623750256,
    0.6875,
    0.8828810446847581,
    0.9761273209549072,
    0.7692839847803529
  ],
  "fold_aps": [
    0.24056117477990568,
    0.08808948126783057,
    0.12552645559638648,
    0.6936790174595051,
    0.05379889186165887
  ],
  "mean_auc": 0.8512833425590088,
  "std_auc": 0.10781013822365934,
  "mean_ap": 0.2403310041930573,
  "std_ap": 0.23523446546925283
}