{
  "original": {
    "mean_auc": 0.8050078406533439,
    "std_auc": 0.12887258437588428,
    "mean_ap": 0.23706776685009992,
    "std_ap": 0.22500519053512383,
    "fold_aucs": [
      0.9328708426851663,
      0.581479057591623,
      0.8400326463986941,
      0.9179759232809631,
      0.7526807333102733
    ],
    "fold_aps": [
      0.27253889812092613,
      0.05287705039132384,
      0.12325573550549708,
      0.6603418406989835,
      0.07632530953376897
    ]
  },
  "remove_pathway": {
    "mean_auc": 0.8285737240563856,
    "std_auc": 0.1126609034914788,
    "mean_ap": 0.1864083232454949,
    "std_ap": 0.13779828258593418,
    "fold_aucs": [
      0.8293650793650793,
      0.8862082066869301,
      0.9173126614987079,
      0.6110526315789473,
      0.8989300411522634
    ],
    "fold_aps": [
      0.10448974974174144,
      0.43752497070864865,
      0.06447963800904977,
      0.09499528329513424,
      0.2305519744729002
    ]
  },
  "randomize_tp": {
    "mean_auc": 0.7214942272398038,
    "std_auc": 0.13977200956094105,
    "mean_ap": 0.21400042955618911,
    "std_ap": 0.1830712752907378,
    "fold_aucs": [
      0.7410714285714286,
      0.5,
      0.834057486631016,
      0.891820580474934,
      0.6405216405216404
    ],
    "fold_aps": [
      0.08854506969002499,
      0.0,
      0.2211205332188836,
      0.53948874839982,
      0.2208477964722171
    ]
  },
  "randomize_pd": {
    "mean_auc": 0.7875548713774547,
    "std_auc": 0.14990829660793004,
    "mean_ap": 0.2758071571683661,
    "std_ap": 0.20319599811494668,
    "fold_aucs": [
      0.9761283103319657,
      0.6730623100303951,
      0.9553246753246754,
      0.7227606951871658,
      0.6104983660130718
    ],
    "fold_aps": [
      0.6678876678876678,
      0.1010122421778864,
      0.13983385036016616,
      0.24871741842396464,
      0.22158460699214544
    ]
  },
  "rewire": {
    "mean_auc": 0.8059837590005051,
    "std_auc": 0.12455901193894053,
    "mean_ap": 0.18805382921844072,
    "std_ap": 0.15086463194796765,
    "fold_aucs": [
      0.9168853893263342,
      0.7742222222222223,
      0.7789203084832905,
      0.9562666666666667,
      0.6036242083040114
    ],
    "fold_aps": [
      0.15038032581256025,
      0.30988937242144077,
      0.011494252873563218,
      0.41045639574650883,
      0.05804879923813051
    ]
  },
  "feature_ablation": {
    "Full (layer+deg+btw)": {
      "mean_auc": 0.8096354992748948,
      "std_auc": 0.07890959722912036,
      "mean_ap": 0.16067014061837917,
      "std_ap": 0.1515740944477767,
      "fold_aucs": [
        0.9293114973262032,
        0.7332451499118166,
        0.7545336787564767,
        0.8782722513089005,
        0.7528149190710768
      ],
      "fold_aps": [
        0.4578279498631413,
        0.05825005610298506,
        0.05321370286180567,
        0.0979901209882533,
        0.13606887327571043
      ]
    },
    "Layer + Degree": {
      "mean_auc": 0.7950765672463379,
      "std_auc": 0.15632250445167475,
      "mean_ap": 0.21841028910844756,
      "std_ap": 0.14570052523325133,
      "fold_aucs": [
        0.9463350785340314,
        0.7970602766798419,
        0.8989473684210527,
        0.5,
        0.8330401125967629
      ],
      "fold_aps": [
        0.4088140541628914,
        0.3272562560173434,
        0.2374532234323464,
        0.0,
        0.11852791192965657
      ]
    },
    "Layer One-Hot Only": {
      "mean_auc": 0.8694542165907772,
      "std_auc": 0.10281512810378102,
      "mean_ap": 0.27079642516213764,
      "std_ap": 0.2145028141036258,
      "fold_aucs": [
        0.9574652777777778,
        0.6955723321771067,
        0.9753982021763129,
        0.8178947368421052,
        0.9009405339805825
      ],
      "fold_aps": [
        0.1901974170791375,
        0.28619245984031744,
        0.6757130667424786,
        0.07209627726717165,
        0.1297829048815831
      ]
    },
    "Degree + Betweenness Only": {
      "mean_auc": 0.8633648677765698,
      "std_auc": 0.11419391259671194,
      "mean_ap": 0.22453294729248946,
      "std_ap": 0.09476819858872847,
      "fold_aucs": [
        0.9761038961038961,
        0.9380223939441727,
        0.9254850088183422,
        0.6613756613756614,
        0.8158373786407767
      ],
      "fold_aps": [
        0.32046319272125723,
        0.3278264369513261,
        0.2176611389389314,
        0.18530453310733022,
        0.0714094347436025
      ]
    },
    "No Features (ones)": {
      "mean_auc": 0.775311589345526,
      "std_auc": 0.2585989030038826,
      "mean_ap": 0.20810196864808717,
      "std_ap": 0.21380409351600688,
      "fold_aucs": [
        0.26781088082901555,
        0.8724647266313933,
        0.826920044157073,
        0.9681152927120669,
        0.9412470023980816
      ],
      "fold_aps": [
        0.008412200547277425,
        0.1603447841367533,
        0.1446160502371666,
        0.6224449315685382,
        0.10469187675070028
      ]
    }
  }
}