{
  "original": {
    "mean_auc": 0.8915495616694228,
    "std_auc": 0.06585438886045591,
    "mean_ap": 0.3498263427469043,
    "std_ap": 0.21583677832189146,
    "fold_aucs": [
      0.9361910994764397,
      0.9460154241645244,
      0.9363555555555556,
      0.772894385026738,
      0.8662913441238564
    ],
    "fold_aps": [
      0.5823781291172596,
      0.045454545454545456,
      0.6087549020370786,
      0.2850492018333089,
      0.22749493529232886
    ]
  },
  "graph_completed": {
    "mean_auc": 0.8844239556602643,
    "std_auc": 0.08753860188294187,
    "mean_ap": 0.23992873877482407,
    "std_ap": 0.11526305711479103,
    "fold_aucs": [
      0.896267361111111,
      0.9849267872523687,
      0.8202407671903694,
      0.7535842293906809,
      0.9671006333567911
    ],
    "fold_aps": [
      0.10182665593113355,
      0.23333333333333334,
      0.17685808418869742,
      0.23952841791585888,
      0.4480972025050972
    ]
  },
  "pd_edges_before": 200,
  "pd_edges_after": 571,
  "connected_paths_before": 29,
  "connected_paths_after": 54
}