{
  "strategy": "A+B+C (hetero GNN + topological features + class weighting)",
  "method": "leave-drug-out (inductive)",
  "n_folds": 5,
  "n_drugs": 115,
  "n_targets": 128,
  "n_pathways": 151,
  "n_diseases": 15,
  "fold_aucs": [
    0.912912912912913,
    0.8208456973293767,
    0.39294117647058824,
    0.9094117647058824,
    0.6340468909276249
  ],
  "fold_aps": [
    0.563173532185641,
    0.07794893144700589,
    0.02317354655154645,
    0.11030303030303029,
    0.19520364596560374
  ],
  "mean_auc": 0.734031688469277,
  "std_auc": 0.19830937085702544,
  "mean_ap": 0.19396053729056545,
  "std_ap": 0.19284462569126976
}