{
  "strategy": "A (heterogeneous message passing)",
  "method": "leave-drug-out (inductive)",
  "n_folds": 5,
  "n_drugs": 115,
  "n_targets": 128,
  "n_pathways": 151,
  "n_diseases": 15,
  "fold_aucs": [
    0.8271471730686233,
    0.9158011869436201,
    0.7697947214076246,
    0.31085043988269795,
    0.7751444104655114
  ],
  "fold_aps": [
    0.15707986990800255,
    0.15933985003507475,
    0.02937433918111073,
    0.010360184504882007,
    0.18015744246941912
  ],
  "mean_auc": 0.7197475863536155,
  "std_auc": 0.2110649595606609,
  "mean_ap": 0.10726233721969783,
  "std_ap": 0.07206124854979747
}