{
  "DistMult": {
    "method": "DistMult",
    "dim": 128,
    "n_folds": 5,
    "fold_aucs": [
      0.7846503050078025,
      0.8524214659685864,
      0.8299352362676901,
      0.7735064935064935,
      0.8639697710602356
    ],
    "fold_aps": [
      0.1417398747134479,
      0.09047151727128183,
      0.15646373981322173,
      0.03300849575212394,
      0.1290624718418442
    ],
    "mean_auc": 0.8208966543621617,
    "std_auc": 0.036028955797285524,
    "mean_ap": 0.11014921987838391,
    "std_ap": 0.044359032063725816
  },
  "ComplEx": {
    "method": "ComplEx",
    "dim": 128,
    "n_folds": 5,
    "fold_aucs": [
      0.7634961439588689,
      0.8296632124352331,
      0.8222996515679443,
      0.8758680555555556,
      0.8572407492005482
    ],
    "fold_aps": [
      0.010752688172043012,
      0.05743914555389965,
      0.18905864793986701,
      0.09672275882802199,
      0.1895445324942119
    ],
    "mean_auc": 0.8297135625436299,
    "std_auc": 0.038282367652878985,
    "mean_ap": 0.10870355459760872,
    "std_ap": 0.07121538607451962
  },
  "RotatE": {
    "method": "RotatE",
    "dim": 128,
    "n_folds": 5,
    "fold_aucs": [
      0.7521724598930482,
      0.7019768743006342,
      0.8349372995042286,
      0.9188144329896907,
      0.8107500000000001
    ],
    "fold_aps": [
      0.09995202089258302,
      0.03362693196246293,
      0.09305407682928778,
      0.04981992797118848,
      0.14453279488916967
    ],
    "mean_auc": 0.8037302133375203,
    "std_auc": 0.07386403886892262,
    "mean_ap": 0.08419715050893839,
    "std_ap": 0.039258607975004786
  },
  "TransE": {
    "method": "TransE",
    "dim": 128,
    "n_folds": 5,
    "fold_aucs": [
      0.8217798033101463,
      0.7634878973461651,
      0.9433766233766233,
      0.814935727402571,
      0.7764542079207921
    ],
    "fold_aps": [
      0.08658448191402951,
      0.07658336188378008,
      0.29796973052787007,
      0.12158747872345685,
      0.08543082106769817
    ],
    "mean_auc": 0.8240068518712595,
    "std_auc": 0.06365561278811654,
    "mean_ap": 0.13363117482336692,
    "std_ap": 0.08359824146937096
  }
}