{
  "method": "leave-drug-out (inductive)",
  "n_folds": 5,
  "fold_aucs": [
    0.6770608545533018,
    0.7774480712166172,
    0.5216275659824047,
    0.7448680351906158,
    0.7022595990485898
  ],
  "fold_aps": [
    0.14272304064913255,
    0.10291294416303681,
    0.014552816394703811,
    0.027233250309363584,
    0.1081314671546493
  ],
  "mean_auc": 0.684652825198306,
  "std_auc": 0.0885231052823141,
  "mean_ap": 0.07911070373417721,
  "std_ap": 0.04962715337051257
}