{
  "original": {
    "mean_auc": 0.8828825971493035,
    "std_auc": 0.11240158995136214,
    "mean_ap": 0.46604137979181204,
    "std_ap": 0.2396666992793752,
    "fold_aucs": [
      0.979020979020979,
      0.6659919028340081,
      0.9405803777061261,
      0.9424228466144634,
      0.8863968795709409
    ],
    "fold_aps": [
      0.7354700854700853,
      0.1828122699283669,
      0.5930117710438076,
      0.6459567819861938,
      0.1729559905306066
    ]
  },
  "ecfp_enhanced": {
    "mean_auc": 0.9082887584292246,
    "std_auc": 0.09949291301429991,
    "mean_ap": 0.48810870070842105,
    "std_ap": 0.33243255291295865,
    "fold_aucs": [
      0.9947089947089947,
      0.7234979553318654,
      0.8947368421052632,
      0.9375,
      0.991
    ],
    "fold_aps": [
      0.9166666666666666,
      0.07553649799850215,
      0.14868053940943965,
      0.5250094498171471,
      0.7746503496503497
    ]
  },
  "smiles_found": 151,
  "smiles_total": 171
}