{
  "method": "Node2Vec + MLP (homogeneous, no edge types)",
  "emb_dim": 64,
  "n_folds": 5,
  "fold_aucs": [
    0.9348544973544973,
    0.9847058823529412,
    0.8269230769230769,
    0.8070588235294117,
    0.9329407294832828
  ],
  "fold_aps": [
    0.3111043821013495,
    0.6903703703703704,
    0.22217442359840048,
    0.07498103128100331,
    0.47333820160359763
  ],
  "mean_auc": 0.8972966019286419,
  "std_auc": 0.06843503680773798,
  "mean_ap": 0.35439368179094427,
  "std_ap": 0.21187517977896886
}