{
  "method": "Node2Vec + MLP (TRUE INDUCTIVE, per-fold embedding retraining)",
  "n_folds": 5,
  "fold_aucs": [
    0.5820025895554597,
    0.9031899109792286,
    0.8665689149560117,
    0.46847507331378296,
    0.6121304791029561
  ],
  "fold_aps": [
    0.06638817302478618,
    0.2373711224672763,
    0.06538651033535944,
    0.013256957405093698,
    0.06364527895123137
  ],
  "mean_auc": 0.6864733935814878,
  "std_auc": 0.169330877986689,
  "mean_ap": 0.08920960843674941,
  "std_ap": 0.07676266318726764
}