{
  "method": "RWR (Random Walk with Restart)",
  "alpha": 0.3,
  "n_folds": 5,
  "fold_aucs": [
    0.8004963314630988,
    0.8979970326409495,
    0.9244868035190615,
    0.14809384164222872,
    0.8392796466190962
  ],
  "fold_aps": [
    0.09928103824090367,
    0.111482559976393,
    0.0879777316834752,
    0.011594202898550725,
    0.14328117976212157
  ],
  "mean_auc": 0.7220707311768869,
  "std_auc": 0.2902620554769533,
  "mean_ap": 0.09072334251228883,
  "std_ap": 0.04367027510130702
}