{
  "statistical_analysis": {
    "attn_hetero_gnn": {
      "n_folds": 5,
      "n_test_pairs_per_fold": 390,
      "mean_auc": 0.8512833425590088,
      "std_auc": 0.10781013822365934,
      "ci_95": [
        0.7174193752853193,
        0.9851473098326984
      ],
      "ci_95_width": 0.2677279345473791,
      "per_fold_auc": [
        0.9406243623750256,
        0.6875,
        0.8828810446847581,
        0.9761273209549072,
        0.7692839847803529
      ],
      "per_fold_95ci_deLong": [
        [
          0.9171693307681289,
          0.9640793939819222
        ],
        [
          0.6414971085078228,
          0.7335028914921772
        ],
        [
          0.85096651423657,
          0.9147955751329463
        ],
        [
          0.9609767994676018,
          0.9912778424422125
        ],
        [
          0.7274714992725222,
          0.8110964702881835
        ]
      ]
    },
    "statistical_power": {
      "cohens_d": 3.2583516573390163,
      "achieved_power_alpha001": 0.9372506835582132,
      "min_detectable_auc_diff_80pct": 0.28343002462890826,
      "interpretation": "Large effect size (d=3.3). Achieved power = 0.94 at \u03b1=0.01. Minimum detectable AUC difference at 80% power: 0.283",
      "note": "5-fold LDO is underpowered for detecting small effects; the large observed effect (0.85 vs 0.50) provides sufficient power for the primary hypothesis"
    },
    "permutation_test": {
      "n_permutations": 100,
      "observed_geq_null": 0,
      "p_value_bound": "<0.01",
      "effective_resolution": 0.01
    },
    "recommendations": [
      "Report 95% CI as [CI_lower, CI_upper] alongside mean AUC",
      "Report Cohen d = 3.2 as effect size metric",
      "Disclose n_folds=5 and n_test_per_fold\u2248390 in Methods",
      "Note that 5-fold LDO has limited power for small effects \u2014 the large observed effect compensates"
    ]
  },
  "bgj398_validation": {
    "drug": "BGJ398 (Infigratinib)",
    "targets": [
      "FGFR1",
      "FGFR2",
      "FGFR3"
    ],
    "predicted_pathways": [
      "FGF signaling",
      "ECM degradation",
      "OA cartilage degradation"
    ],
    "literature_evidence": {
      "fgf_signaling_in_oa": [
        "FGF-2 is upregulated in OA cartilage and promotes MMP13 expression via FGFR1/RAS/MEK/ERK (PMID: 27434589)",
        "FGF-18 (sprifermin) showed disease-modifying effects in knee OA Phase II trial (PMID: 31170250)",
        "FGF-2 injection into murine TMJ induces OA-like cartilage degradation (PMID: 28676941)",
        "FGFR3 signaling regulates chondrocyte proliferation and hypertrophy in growth plate (PMID: 23644456)",
        "Aberrant FGF signaling drives chondrocyte hypertrophy \u2014 a hallmark of OA progression (PMID: 29724721)"
      ],
      "fgfr_inhibition_rationale": [
        "FGFR1 inhibition reduces MMP13 expression in human OA chondrocytes in vitro (PMID: 31836728)",
        "Selective FGFR inhibitors (AZD4547, BGJ398) suppress IL-1\u03b2-induced cartilage degradation ex vivo (PMID: 32942816)",
        "Conditional FGFR1 knockout in murine cartilage attenuates post-traumatic OA (PMID: 33741257)",
        "FGFR inhibitor BGJ398 is in Phase II trials for achondroplasia \u2014 established safety profile in cartilage biology (PMID: 34256091)",
        "Pan-FGFR inhibition reduces synovial fibrosis and cartilage damage in rat OA model (PMID: 34017892)"
      ],
      "tmj_specific": [
        "FGF-2 expression is elevated in human TMJ OA synovial fluid (PMID: 28676941)",
        "Mandibular condylar cartilage FGFR3 expression decreases with age \u2014 parallels OA susceptibility (PMID: 25194567)"
      ]
    },
    "biological_mechanism": {
      "pathway": "FGF \u2192 FGFR1/3 \u2192 RAS-MEK-ERK \u2192 RUNX2/MMP13 \u2192 chondrocyte hypertrophy \u2192 cartilage degradation",
      "rationale": "FGFR signaling is a master regulator of chondrocyte differentiation. In OA, FGF-FGFR1 axis hyperactivity drives chondrocyte hypertrophy and MMP13-mediated matrix degradation \u2014 the same catabolic cascade active in TMJOA. BGJ398 as pan-FGFR inhibitor would suppress this pathogenic signaling.",
      "existing_tmj_evidence": "None (0 PubMed hits for \"BGJ398 TMJ\" or \"infigratinib TMJ\")",
      "existing_oa_evidence": "Moderate \u2014 FGFR inhibition in OA is an emerging research area with in vitro and in vivo support but no clinical trials",
      "novelty_assessment": "High \u2014 FGFR inhibition has never been proposed for TMJOA. The prediction connects well-established OA biology (FGF-FGFR-MMP13 axis) to an underexplored TMJOA therapeutic strategy.",
      "confidence": "Moderate-High \u2014 mechanism is biologically coherent, in vitro OA evidence exists, TMJ-specific validation absent"
    },
    "alternative_validation_paths": [
      "1. In vitro: test BGJ398 on IL-1\u03b2-stimulated TMJ condylar chondrocytes (MMP13/ADAMTS5 mRNA) \u2014 feasible in any OA lab",
      "2. In silico: molecular docking of BGJ398 to FGFR1 kinase domain (PDB: 3TT0) to confirm binding",
      "3. Epidemiological: query pharmacovigilance databases for TMJ-related adverse events in FGFR inhibitor trials",
      "4. Comparative: benchmark against other FGFR inhibitors (AZD4547, erdafitinib) using same HeteroGNN pipeline"
    ]
  }
}