{
  "phase": "2c",
  "evaluation": "stratified_kfold_5",
  "features": "chembl_9 + topo_64",
  "test_auc_mean": 0.9998253493013973,
  "test_auc_std": 0.0002444600541699911,
  "test_ap_mean": 0.9993959041950113,
  "test_ap_std": 0.0008467229258156219,
  "per_fold_auc": [
    1.0,
    0.999750499001996,
    1.0,
    0.99937624750499,
    1.0
  ],
  "per_fold_ap": [
    1.0,
    0.999140802154195,
    1.0,
    0.9978387188208617,
    1.0
  ]
}