{
  "phase": "2",
  "features": "chembl_drug + domain_disease",
  "evaluation": "leave-drug-out",
  "n_folds": 5,
  "test_auc_mean": 0.7676473628805905,
  "test_auc_std": 0.2687537543501575,
  "test_ap_mean": 0.7064087124145523,
  "test_ap_std": 0.3012398320958832,
  "per_fold_auc": [
    0.4185045723507262,
    0.9875946173254837,
    0.4594551789673741,
    0.9970414201183432,
    0.9756410256410256
  ],
  "per_fold_ap": [
    0.34449793689393216,
    0.9450777834428006,
    0.33166757635871613,
    0.9814814814814815,
    0.9293187838958313
  ]
}